SKU,Model ID,Name,Category,URL,Image URL,Brand,Price,Currency,Stock Availability,Stock Quantity
70516,Adidas Originals,Adidas Originals Gazelle,Classics,https://demo.pre-sales.fr/product/adidas-originals-gazelle/,https://demo.pre-sales.fr/wp-content/uploads/2021/06/adidas-originals-gazelle-black-bb5476-1.jpg,Adidas,75.9,usd,instock,8
254682,Adidas Originals,Adidas Originals Gazelle Vintage,Baseball,https://demo.pre-sales.fr/product/adidas-originals-gazelle-vintage/,https://demo.pre-sales.fr/wp-content/uploads/2021/06/adidas-originals-gazelle-vintage-core-green-fv9678-1.jpg,Adidas,83.97,usd,instock,7
213849,Adidas Originals,Adidas Originals Lxcon 94,Basketball,https://demo.pre-sales.fr/product/adidas-originals-lxcon-94/,https://demo.pre-sales.fr/wp-content/uploads/2021/06/adidas-originals-lxcon-94-clear-aqua-eg8790-1.jpg,Adidas,84.9,usd,instock,15
203285,Adidas Originals,Adidas Originals Ozweego,Golf,https://demo.pre-sales.fr/product/adidas-originals-ozweego/,https://demo.pre-sales.fr/wp-content/uploads/2021/06/adidas-originals-ozweego-glow-green-ee6466-1.jpg,Adidas,59.9,usd,instock,1
263520,Adidas Originals,Adidas Originals Superstar,Soccer,https://demo.pre-sales.fr/product/adidas-originals-superstar/,https://demo.pre-sales.fr/wp-content/uploads/2021/06/adidas-originals-superstar-core-black-fv2832-1.jpg,Adidas,95.9,usd,instock,16
202769,Adidas Originals,Adidas Originals Temper Run,Basketball,https://demo.pre-sales.fr/product/adidas-originals-temper-run/,https://demo.pre-sales.fr/wp-content/uploads/2021/06/adidas-originals-temper-run-black-ee7741-1.jpg,Adidas,69.9,usd,instock,5
216860,Adidas Originals,Adidas Originals Torsion Trdc,Soccer,https://demo.pre-sales.fr/product/adidas-originals-torsion-trdc/,https://demo.pre-sales.fr/wp-content/uploads/2021/06/adidas-originals-torsion-trdc-tech-indigo-ef4806-1.jpg,Adidas,69.9,usd,instock,13
202000,Adidas Originals,Adidas Originals Wmns Falcon,Running,https://demo.pre-sales.fr/product/adidas-originals-wmns-falcon/,https://demo.pre-sales.fr/wp-content/uploads/2021/06/adidas-originals-wmns-falcon-collegiate-navy-ee7098-1.jpg,Adidas,64.9,usd,instock,1
211130,Adidas Originals,Adidas Originals Wmns Magmur Runner,Golf,https://demo.pre-sales.fr/product/adidas-originals-wmns-magmur-runner/,https://demo.pre-sales.fr/wp-content/uploads/2021/06/adidas-originals-wmns-magmur-runner-desert-sand-ee5144-1.jpg,Adidas,59.9,usd,instock,4
215810,Adidas Originals,Adidas Originals Yung-1,Golf,https://demo.pre-sales.fr/product/adidas-originals-yung-1/,https://demo.pre-sales.fr/wp-content/uploads/2021/06/adidas-originals-yung-1-core-black-eg8726-1.jpg,Adidas,84.9,usd,instock,19
202307,Adidas Originals,Adidas Originals Yung-1,Trail Running,https://demo.pre-sales.fr/product/adidas-originals-yung-1-2/,https://demo.pre-sales.fr/wp-content/uploads/2021/06/adidas-originals-yung-1-salmon-ee5320-1.jpg,Adidas,59.9,usd,instock,13
202579,Adidas Originals,Adidas Originals Yung-1,Tennis,https://demo.pre-sales.fr/product/adidas-originals-yung-1-3/,https://demo.pre-sales.fr/wp-content/uploads/2021/06/adidas-originals-yung-1-green-eg2922-1.jpg,Adidas,59.9,usd,instock,19
208647,Adidas Originals,Adidas Originals Yung-1 Trail,Running,https://demo.pre-sales.fr/product/adidas-originals-yung-1-trail/,https://demo.pre-sales.fr/wp-content/uploads/2021/06/adidas-originals-yung-1-trail-carbon-ee6538-1.jpg,Adidas,59.9,usd,instock,1
167004,Adidas Originals,Adidas Originals ZX 500 RM,Baseball,https://demo.pre-sales.fr/product/adidas-originals-zx-500-rm/,https://demo.pre-sales.fr/wp-content/uploads/2021/06/adidas-originals-zx-500-rm-core-black-bd7924-1.jpg,Adidas,79.9,usd,instock,15
222202,Asics Gel-Kayano,Asics Gel-Kayano 5,Golf,https://demo.pre-sales.fr/product/asics-gel-kayano-5/,https://demo.pre-sales.fr/wp-content/uploads/2021/06/asics-gel-kayano-5-og-black-turquoise-1021a163-002-1.jpg,Asics,90.9,usd,instock,3
248052,Asics Gel-Kayano,Asics Gel-Kayano 5 OG,Walking,https://demo.pre-sales.fr/product/asics-gel-kayano-5-og/,https://demo.pre-sales.fr/wp-content/uploads/2021/06/asics-gel-kayano-5-og-magnetic-blue-1021a479-400-1.jpg,Asics,87.5,usd,instock,1
267158,Asics Gel-Lyte III OG,Asics Gel-Lyte III OG,Baseball,https://demo.pre-sales.fr/product/asics-gel-lyte-iii-og/,https://demo.pre-sales.fr/wp-content/uploads/2021/06/asics-gel-lyte-iii-og-aqua-angel-1201a051-400-1.jpg,Asics,119.95,usd,instock,16
261648,Asics Gel-Lyte III OG,Asics Gel-Lyte III OG,Yoga,https://demo.pre-sales.fr/product/asics-gel-lyte-iii-og-2/,https://demo.pre-sales.fr/wp-content/uploads/2021/06/asics-gel-lyte-iii-og-black-denim-1201a049-001-1.jpg,Asics,77.9,usd,instock,12
248199,Asics Gel-Lyte III OG,Asics Gel-Lyte III OG,Training,https://demo.pre-sales.fr/product/asics-gel-lyte-iii-og-3/,https://demo.pre-sales.fr/wp-content/uploads/2021/06/asics-gel-lyte-iii-og-cream-1201a050-100-1.jpg,Asics,129.95,usd,instock,15
261576,Asics Gel-Lyte III OG,Asics Gel-Lyte III OG GORE-TEXÂ®,Training,https://demo.pre-sales.fr/product/asics-gel-lyte-iii-og-gore-texa/,https://demo.pre-sales.fr/wp-content/uploads/2021/06/asics-gel-lyte-iii-og-gore-tex-black-1201a024-020-1.jpg,Asics,103.9,usd,instock,9
248094,Asics Gel-Quantum,Asics Gel-Quantum 180 5,Running,https://demo.pre-sales.fr/product/asics-gel-quantum-180-5/,https://demo.pre-sales.fr/wp-content/uploads/2021/06/asics-gel-quantum-180-5-birch-1202a023-200-1.jpg,Asics,97.97,usd,instock,10
257161,Asics Tiger,Asics Tiger Horizonia,Walking,https://demo.pre-sales.fr/product/asics-tiger-horizonia/,https://demo.pre-sales.fr/wp-content/uploads/2021/06/asics-tiger-horizonia-moonrock-1183a852-250-1.jpg,Asics,77.9,usd,instock,5
266154,Chuck 70,Converse Chuck 70,Trail Running,https://demo.pre-sales.fr/product/converse-chuck-70/,https://demo.pre-sales.fr/wp-content/uploads/2021/06/converse-chuck-70-hot-pink-170353c-1.jpg,Converse,99.95,usd,instock,20
280251,Chuck 70,Converse Chuck 70 Hi,Tennis,https://demo.pre-sales.fr/product/converse-chuck-70-hi/,https://demo.pre-sales.fr/wp-content/uploads/2021/06/converse-chuck-70-hi-pink-170790c-1.jpg,Converse,89.95,usd,instock,13
280281,Chuck 70,Converse Chuck 70 Hi,Basketball,https://demo.pre-sales.fr/product/converse-chuck-70-hi-2/,https://demo.pre-sales.fr/wp-content/uploads/2021/06/converse-chuck-70-hi-paint-splatter-170801c-1.jpg,Converse,94.95,usd,instock,19
280178,Chuck 70,Converse Chuck 70 Hi,Walking,https://demo.pre-sales.fr/product/converse-chuck-70-hi-3/,https://demo.pre-sales.fr/wp-content/uploads/2021/06/converse-chuck-70-hi-sunflower-162054c-1.jpg,Converse,89.95,usd,instock,12
280797,Chuck 70,Converse Chuck 70 Hi,Running,https://demo.pre-sales.fr/product/converse-chuck-70-hi-4/,https://demo.pre-sales.fr/wp-content/uploads/2021/06/converse-chuck-70-hi-candy-grape-170550c-1.jpg,Converse,89.95,usd,instock,16
245961,Chuck 70,Converse Chuck 70 Hi,Golf,https://demo.pre-sales.fr/product/converse-chuck-70-hi-5/,https://demo.pre-sales.fr/wp-content/uploads/2021/06/converse-chuck-70-hi-twisted-resort-167761c-1.jpg,Converse,69.97,usd,instock,4
262911,Chuck 70,Converse Chuck 70 Hi Fuse Tape,Baseball,https://demo.pre-sales.fr/product/converse-chuck-70-hi-fuse-tape/,https://demo.pre-sales.fr/wp-content/uploads/2021/06/converse-chuck-70-hi-fuse-tape-obsidian-169525c-1.jpg,Converse,77.9,usd,instock,2
280604,Chuck 70,Converse Chuck 70 OX,Basketball,https://demo.pre-sales.fr/product/converse-chuck-70-ox/,https://demo.pre-sales.fr/wp-content/uploads/2021/06/converse-chuck-70-ox-black-170867c-1.jpg,Converse,89.95,usd,instock,19
172886,Chuck 70,Converse Chuck 70 OX,Lifestyle,https://demo.pre-sales.fr/product/converse-chuck-70-ox-2/,https://demo.pre-sales.fr/wp-content/uploads/2021/06/converse-chuck-70-ox-parchment-162062c-1.jpg,Converse,84.95,usd,instock,3
223213,Converse ERX,Converse ERX G4 High Top,Soccer,https://demo.pre-sales.fr/product/converse-erx-g4-high-top/,https://demo.pre-sales.fr/wp-content/uploads/2021/06/converse-erx-g4-high-top-black-165907c-1.jpg,Converse,79.9,usd,instock,1
288723,Chuck 70,Converse x Keith Haring Chuck 70,Running,https://demo.pre-sales.fr/product/converse-x-keith-haring-chuck-70/,https://demo.pre-sales.fr/wp-content/uploads/2021/06/converse-x-keith-haring-chuck-70-egret-171858c-1.jpg,Converse,99.95,usd,instock,10
255369,New Balance CM997HEP,New Balance CM997HEP,Lifestyle,https://demo.pre-sales.fr/product/new-balance-cm997hep/,https://demo.pre-sales.fr/wp-content/uploads/2021/06/new-balance-cm997hep-cream-cm997hep-1.jpg,New Balance,69.9,usd,instock,10
203949,New Balance HL755MLG,New Balance HL755MLG,Soccer,https://demo.pre-sales.fr/product/new-balance-hl755mlg/,https://demo.pre-sales.fr/wp-content/uploads/2021/06/new-balance-hl755mlg-burgundy-hl755mlg-1.jpg,New Balance,69.9,usd,instock,6
220244,New Balance M1500NEN,New Balance M1500NEN,Tennis,https://demo.pre-sales.fr/product/new-balance-m1500nen-made-in-uk/,https://demo.pre-sales.fr/wp-content/uploads/2021/06/new-balance-m1500nen-made-in-uk-neon-pink-m1500nen-1.jpg,New Balance,116.9,usd,outofstock,0
220413,New Balance M577LP,New Balance M577LP,Running,https://demo.pre-sales.fr/product/new-balance-m577lp-made-in-uk/,https://demo.pre-sales.fr/wp-content/uploads/2021/06/new-balance-m577lp-made-in-uk-recount-m577lp-1.jpg,New Balance,110.9,usd,instock,10
255953,New Balance M577ORC,New Balance M577ORC,Walking,https://demo.pre-sales.fr/product/new-balance-m577orc-made-in-uk/,https://demo.pre-sales.fr/wp-content/uploads/2021/06/new-balance-m577orc-made-in-uk-navy-m577orc-1.jpg,New Balance,110.9,usd,instock,15
255491,New Balance M991NTG,New Balance M991NTG,Classics,https://demo.pre-sales.fr/product/new-balance-m991ntg-made-in-uk/,https://demo.pre-sales.fr/wp-content/uploads/2021/06/new-balance-m991ntg-made-in-uk-green-m991ntg-1.jpg,New Balance,139.97,usd,instock,10
220305,New Balance MTL575LP,New Balance MTL575LP,Trail Running,https://demo.pre-sales.fr/product/new-balance-mtl575lp-made-in-uk/,https://demo.pre-sales.fr/wp-content/uploads/2021/06/new-balance-mtl575lp-made-in-uk-recount-mtl575lp-1.jpg,New Balance,103.9,usd,instock,12
185505,Nike Air DSVM,Nike Air DSVM,Trail Running,https://demo.pre-sales.fr/product/nike-air-dsvm/,https://demo.pre-sales.fr/wp-content/uploads/2021/06/nike-air-dsvm-midnight-turq-at8179-300-1.jpg,Nike,69.9,usd,instock,12
274473,Nike Air Force,Nike Air Force 1 '07 LV8,Trail Running,https://demo.pre-sales.fr/product/nike-air-force-1-07-lv8-black/,https://demo.pre-sales.fr/wp-content/uploads/2021/06/nike-air-force-1-07-lv8-black-ct2299-001-1.jpg,Nike,89.95,usd,instock,3
269227,Nike Air Force,Nike Air Force 1 Gore-Tex,Tennis,https://demo.pre-sales.fr/product/nike-air-force-1-gore-tex-medium-olive/,https://demo.pre-sales.fr/wp-content/uploads/2021/06/nike-air-force-1-gore-tex-medium-olive-ct2858-200-1.jpg,Nike,89.95,usd,instock,15
270916,Nike Air Force,Nike Air Force 1 Gore-Tex,Trail Running,https://demo.pre-sales.fr/product/nike-air-force-1-gore-tex/,https://demo.pre-sales.fr/wp-content/uploads/2021/06/nike-air-force-1-gore-tex-anthracite-ct2858-001-1.jpg,Nike,129.9,usd,instock,19
269362,Nike Air Force,Nike Air Force 1 Low Retro SP,Track & Field,https://demo.pre-sales.fr/product/nike-air-force-1-low-retro-sp-wheat/,https://demo.pre-sales.fr/wp-content/uploads/2021/06/nike-air-force-1-low-retro-sp-wheat-dc7504-700-1.jpg,Nike,89.95,usd,instock,17
13408,Nike Air Force,Nike Air Force 1 Mid,Soccer,https://demo.pre-sales.fr/product/nike-air-force-1-mid-black/,https://demo.pre-sales.fr/wp-content/uploads/2021/06/nike-air-force-1-mid-black-315123-001-1.jpg,Nike,89.95,usd,instock,17
191725,Nike Air Ghost,Nike Air Ghost Racer,Training,https://demo.pre-sales.fr/product/nike-air-ghost-racer/,https://demo.pre-sales.fr/wp-content/uploads/2021/06/nike-air-ghost-racer-black-at5410-001-1.jpg,Nike,59.9,usd,instock,7
123456,Nike Air Jordan,Nike Air Jordan 1 Mid,Basketball,https://demo.pre-sales.fr/product/nike-air-jordan-1-mid/,https://demo.pre-sales.fr/wp-content/uploads/2021/06/514232_03_jpg_ba6d73e1-fe55-4bce-a107-7f651ec00ee6_2000x.jpg,Nike,159.9,usd,instock,3
246651,Nike Air Max,Nike Air Max 2090,Running,https://demo.pre-sales.fr/product/nike-air-max-2090-white/,https://demo.pre-sales.fr/wp-content/uploads/2021/06/nike-air-max-2090-white-ct1091-100-1.jpg,Nike,89.95,usd,instock,3
249551,Nike Air Max,Nike Air Max 2090,Walking,https://demo.pre-sales.fr/product/nike-air-max-2090-black/,https://demo.pre-sales.fr/wp-content/uploads/2021/06/nike-air-max-2090-black-cw7306-001-1.jpg,Nike,89.95,usd,instock,20
246621,Nike Air Max,Nike Air Max 2090,Running,https://demo.pre-sales.fr/product/nike-air-max-2090-white-2/,https://demo.pre-sales.fr/wp-content/uploads/2021/06/nike-air-max-2090-white-bv9977-100-1.jpg,Nike,89.95,usd,instock,2
246681,Nike Air Max,Nike Air Max 2090,Walking,https://demo.pre-sales.fr/product/nike-air-max-2090-deep-roal-blue/,https://demo.pre-sales.fr/wp-content/uploads/2021/06/nike-air-max-2090-deep-roal-blue-ct1091-101-1.jpg,Nike,149.95,usd,instock,11
267866,Nike Air Max,Nike Air Max 270 React,Baseball,https://demo.pre-sales.fr/product/nike-air-max-270-react-black/,https://demo.pre-sales.fr/wp-content/uploads/2021/06/nike-air-max-270-react-black-da1511-001-1.jpg,Nike,159.95,usd,instock,7
229083,Nike Air Max,Nike Air Max 90,Training,https://demo.pre-sales.fr/product/nike-air-max-90-white/,https://demo.pre-sales.fr/wp-content/uploads/2021/06/nike-air-max-90-white-ct1028-103-1.jpg,Nike,89.95,usd,instock,8
289496,Nike Air Max,Nike Air Max 95,Trail Running,https://demo.pre-sales.fr/product/nike-air-max-95/,https://demo.pre-sales.fr/wp-content/uploads/2021/06/nike-air-max-95-obsidian-cw7477-400-1.jpg,Nike,169.95,usd,instock,19
187916,Nike Air Max,Nike Air Max 95 Essential,Walking,https://demo.pre-sales.fr/product/nike-air-max-95-essential-black/,https://demo.pre-sales.fr/wp-content/uploads/2021/06/nike-air-max-95-essential-black-at9865-001-1.jpg,Nike,89.95,usd,instock,2
225584,Nike Air Max,Nike Air Max 95 Premium,Basketball,https://demo.pre-sales.fr/product/nike-air-max-95-premium/,https://demo.pre-sales.fr/wp-content/uploads/2021/06/nike-air-max-95-premium-black-cj0588-001-1.jpg,Nike,159.95,usd,instock,13
248539,Nike Air Max,Nike Air Max 95 SE,Classics,https://demo.pre-sales.fr/product/nike-air-max-95-se/,https://demo.pre-sales.fr/wp-content/uploads/2021/06/nike-air-max-95-se-black-cq9743-001-1.jpg,Nike,103.9,usd,instock,8
269308,Nike Air Max,Nike Air Max 97,Lifestyle,https://demo.pre-sales.fr/product/nike-air-max-97-newsprint/,https://demo.pre-sales.fr/wp-content/uploads/2021/06/nike-air-max-97-newsprint-db4611-001-1.jpg,Nike,179.95,usd,instock,10
234567,Nike Air Max,Nike Air Max Pegasus 35 ID,Running,https://demo.pre-sales.fr/product/nike-air-max-pegasus-35-id/,https://demo.pre-sales.fr/wp-content/uploads/2021/06/942851001_1-800x800-1.jpeg,Nike,129.9,usd,instock,18
287333,Nike Air Max,Nike Air Max Plus 3 Leather,Golf,https://demo.pre-sales.fr/product/nike-air-max-plus-3-leather-black/,https://demo.pre-sales.fr/wp-content/uploads/2021/06/nike-air-max-plus-3-leather-black-ck6716-001-1.jpg,Nike,179.95,usd,instock,6
247843,Nike Air Max,Nike Air Max Triax 96 SP,Soccer,https://demo.pre-sales.fr/product/nike-air-max-triax-96-sp/,https://demo.pre-sales.fr/wp-content/uploads/2021/06/nike-air-max-triax-96-sp-safari-camo-ct5543-300-1.jpg,Nike,97.9,usd,instock,20
287343,Nike Air Preston,Nike Air Presto,Yoga,https://demo.pre-sales.fr/product/nike-air-presto-racer-blue/,https://demo.pre-sales.fr/wp-content/uploads/2021/06/nike-air-presto-racer-blue-ct3550-400-1.jpg,Nike,129.95,usd,instock,12
230244,Nike Air Preston,Nike Air Presto,Baseball,https://demo.pre-sales.fr/product/nike-air-presto/,https://demo.pre-sales.fr/wp-content/uploads/2021/06/nike-air-presto-australia-cj1229-301-1.jpg,Nike,84.9,usd,instock,13
282580,Nike Air Tailwind 79,Nike Air Tailwind 79,Track & Field,https://demo.pre-sales.fr/product/nike-air-tailwind-79-mystic-dates/,https://demo.pre-sales.fr/wp-content/uploads/2021/06/nike-air-tailwind-79-mystic-dates-487754-603-1.jpg,Nike,89.95,usd,instock,3
230259,Nike Air Tailwind 79,Nike Air Tailwind 79,Tennis,https://demo.pre-sales.fr/product/nike-air-tailwind-79/,https://demo.pre-sales.fr/wp-content/uploads/2021/06/nike-air-tailwind-79-black-cz5928-001-1.jpg,Nike,58.9,usd,instock,10
223877,Nike Blazer,Nike Blazer Low LE,Training,https://demo.pre-sales.fr/product/nike-blazer-low-le-white/,https://demo.pre-sales.fr/wp-content/uploads/2021/06/nike-blazer-low-le-white-aq3597-100-1.jpg,Nike,89.95,usd,instock,19
269344,Nike Blazer,Nike Blazer Mid '77,Classics,https://demo.pre-sales.fr/product/nike-blazer-mid-77-black/,https://demo.pre-sales.fr/wp-content/uploads/2021/06/nike-blazer-mid-77-black-dc1929-001-1.jpg,Nike,99.95,usd,instock,5
282670,Nike Blazer,Nike Blazer Mid '77 Suede,Walking,https://demo.pre-sales.fr/product/nike-blazer-mid-77-suede-light-smoke-grey/,https://demo.pre-sales.fr/wp-content/uploads/2021/06/nike-blazer-mid-77-suede-light-smoke-grey-ci1172-004-1.jpg,Nike,89.95,usd,instock,13
285890,Nike Blazer,Nike Blazer Mid '77 Suede,Running,https://demo.pre-sales.fr/product/nike-blazer-mid-77-suede-pine-green/,https://demo.pre-sales.fr/wp-content/uploads/2021/06/nike-blazer-mid-77-suede-pine-green-ci1172-301-1.jpg,Nike,89.95,usd,instock,9
277499,Nike Blazer,Nike Blazer Mid '77 Vintage,Yoga,https://demo.pre-sales.fr/product/nike-blazer-mid-77-vintage-black/,https://demo.pre-sales.fr/wp-content/uploads/2021/06/nike-blazer-mid-77-vintage-black-bq6806-002-1.jpg,Nike,99.95,usd,instock,15
282757,Nike Daybreak,Nike Daybreak Type,Baseball,https://demo.pre-sales.fr/product/nike-daybreak-type-rugged-orange/,https://demo.pre-sales.fr/wp-content/uploads/2021/06/nike-daybreak-type-rugged-orange-cw6915-800-1.jpg,Nike,99.95,usd,instock,5
282724,Nike Daybreak,Nike Daybreak Type,Running,https://demo.pre-sales.fr/product/nike-daybreak-type-light-orewood-brown/,https://demo.pre-sales.fr/wp-content/uploads/2021/06/nike-daybreak-type-light-orewood-brown-ct2556-100-1.jpg,Nike,89.95,usd,instock,5
282709,Nike Daybreak,Nike Daybreak Type,Walking,https://demo.pre-sales.fr/product/nike-daybreak-type-thunder-blue/,https://demo.pre-sales.fr/wp-content/uploads/2021/06/nike-daybreak-type-thunder-blue-cj1156-400-1.jpg,Nike,94.95,usd,instock,2
269052,Nike Daybreak,Nike DBreak SP,Running,https://demo.pre-sales.fr/product/nike-dbreak-sp-black/,https://demo.pre-sales.fr/wp-content/uploads/2021/06/nike-dbreak-sp-black-da0824-001-1.jpg,Nike,89.95,usd,instock,16
150986,Nike Lunar,Nike Lunar Force 1 '18,Yoga,https://demo.pre-sales.fr/product/nike-lunar-force-1-18/,https://demo.pre-sales.fr/wp-content/uploads/2021/06/nike-lunar-force-1-18-black-bq7930-003-1.jpg,Nike,116.9,usd,instock,18
267702,Nike Manoa,Nike Manoa Boot,Basketball,https://demo.pre-sales.fr/product/nike-manoa-boot/,https://demo.pre-sales.fr/wp-content/uploads/2021/06/nike-manoa-boot-black-456975-001-1.jpg,Nike,64.9,usd,instock,11
205768,Nike N110,Nike N110 D/MS/X,Tennis,https://demo.pre-sales.fr/product/nike-n110-d-ms-x/,https://demo.pre-sales.fr/wp-content/uploads/2021/06/nike-n110-d-ms-x-black-at5405-004-1.jpg,Nike,77.9,usd,instock,10
192638,Nike N110,Nike N110 D/MS/X,Golf,https://demo.pre-sales.fr/product/nike-n110-d-ms-x-2/,https://demo.pre-sales.fr/wp-content/uploads/2021/06/nike-n110-d-ms-x-phantom-at5405-002-1.jpg,Nike,77.9,usd,instock,8
188408,Nike N110,Nike N110 D/MS/X,Tennis,https://demo.pre-sales.fr/product/nike-n110-d-ms-x-3/,https://demo.pre-sales.fr/wp-content/uploads/2021/06/nike-n110-d-ms-x-black-at5405-001-1.jpg,Nike,79.9,usd,instock,16
207198,Nike Vandalised,Nike Vandalised,Training,https://demo.pre-sales.fr/product/nike-vandalised/,https://demo.pre-sales.fr/wp-content/uploads/2021/06/nike-vandalised-black-bq3610-001-1.jpg,Nike,64.9,usd,instock,12
264510,Nike Air Force,Nike Wmns Air Force 1 '07 LX,Lifestyle,https://demo.pre-sales.fr/product/nike-wmns-air-force-1-07-lx/,https://demo.pre-sales.fr/wp-content/uploads/2021/06/nike-wmns-air-force-1-07-lx-silt-red-ck6572-600-1.jpg,Nike,89.9,usd,instock,14
253601,Nike Air Force,Nike Wmns Air Force 1 '07 SE,Track & Field,https://demo.pre-sales.fr/product/nike-wmns-air-force-1-07-se/,https://demo.pre-sales.fr/wp-content/uploads/2021/06/nike-wmns-air-force-1-07-se-light-orewood-brown-ct1992-101-1.jpg,Nike,109.95,usd,instock,16
248717,Nike Air Max,Nike Wmns Air Max 95,Baseball,https://demo.pre-sales.fr/product/nike-wmns-air-max-95/,https://demo.pre-sales.fr/wp-content/uploads/2021/06/nike-wmns-air-max-95-barely-rose-ci3710-600-1.jpg,Nike,169.95,usd,instock,11
251023,Nike Air Max,Nike Wmns Air Max 95,Trail Running,https://demo.pre-sales.fr/product/nike-wmns-air-max-95-2/,https://demo.pre-sales.fr/wp-content/uploads/2021/06/nike-wmns-air-max-95-atomic-pink-cz5659-600-1.jpg,Nike,110.9,usd,instock,1
191514,Nike Air Max,Nike Wmns Air Max 98,Track & Field,https://demo.pre-sales.fr/product/nike-wmns-air-max-98/,https://demo.pre-sales.fr/wp-content/uploads/2021/06/nike-wmns-air-max-98-psychic-purple-ah6799-501-1.jpg,Nike,89.9,usd,instock,15
244359,Nike Air Vapormax,Nike Wmns Air Vapormax 2020 FK,Soccer,https://demo.pre-sales.fr/product/nike-wmns-air-vapormax-2020-fk/,https://demo.pre-sales.fr/wp-content/uploads/2021/06/nike-wmns-air-vapormax-2020-fk-black-cj6741-003-1.jpg,Nike,224.95,usd,instock,18
264618,Nike Blazer,Nike Wmns Blazer Mid '77,Track & Field,https://demo.pre-sales.fr/product/nike-wmns-blazer-mid-77/,https://demo.pre-sales.fr/wp-content/uploads/2021/06/nike-wmns-blazer-mid-77-violet-cz0376-500-1.jpg,Nike,99.95,usd,instock,4
251065,Nike Blazer,Nike Wmns Blazer Mid Vintage 77,Running,https://demo.pre-sales.fr/product/nike-wmns-blazer-mid-vintage-77/,https://demo.pre-sales.fr/wp-content/uploads/2021/06/nike-wmns-blazer-mid-vintage-77-pink-foam-dc1423-600-1.jpg,Nike,64.9,usd,instock,15
245877,Nike Daybreak,Nike Wmns Daybreak,Golf,https://demo.pre-sales.fr/product/nike-wmns-daybreak/,https://demo.pre-sales.fr/wp-content/uploads/2021/06/nike-wmns-daybreak-desert-berry-ck2351-602-1.jpg,Nike,58.9,usd,instock,7
219747,Nike Owaysis,Nike Wmns Owaysis,Golf,https://demo.pre-sales.fr/product/nike-wmns-owaysis/,https://demo.pre-sales.fr/wp-content/uploads/2021/06/nike-wmns-owaysis-black-ck9283-001-1.jpg,Nike,54.95,usd,instock,6
181088,Nike P-6000,Nike Wmns P-6000,Baseball,https://demo.pre-sales.fr/product/nike-wmns-p-6000/,https://demo.pre-sales.fr/wp-content/uploads/2021/06/nike-wmns-p-6000-cargo-khaki-bv1021-300-1.jpg,Nike,54.9,usd,instock,13
206940,Nike Xarr,Nike Xarr,Lifestyle,https://demo.pre-sales.fr/product/nike-xarr/,https://demo.pre-sales.fr/wp-content/uploads/2021/06/nike-xarr-medium-olive-bq5240-200-1.jpg,Nike,74.9,usd,instock,7
227172,Puma Cell,Puma Cell King Rhude,Trail Running,https://demo.pre-sales.fr/product/puma-cell-king-rhude/,https://demo.pre-sales.fr/wp-content/uploads/2021/06/puma-cell-king-rhude-black-371389-01-1.jpg,Puma,97.9,usd,instock,13
178428,Puma Cell,Puma Cell Venom x Han Kjobenhavn,Yoga,https://demo.pre-sales.fr/product/puma-cell-venom-x-han-kjobenhavn/,https://demo.pre-sales.fr/wp-content/uploads/2021/06/puma-cell-venom-x-han-kjobenhavn-vapor-blue-369565-01-1.jpg,Puma,79.9,usd,instock,17
202179,Puma Cell,Puma Karl Lagerfeld Cell Alien,Walking,https://demo.pre-sales.fr/product/puma-karl-lagerfeld-cell-alien/,https://demo.pre-sales.fr/wp-content/uploads/2021/06/puma-karl-lagerfeld-cell-alien-370583-01-1.jpg,Puma,74.9,usd,instock,16
280147,Puma Mirage,Puma MIrage Mox EB,Trail Running,https://demo.pre-sales.fr/product/puma-mirage-mox-eb/,https://demo.pre-sales.fr/wp-content/uploads/2021/06/puma-mirage-mox-eb-desert-sage-380515-01-1.jpg,Puma,89.9,usd,instock,13
262146,Puma Suede,Puma Suede Classic XXI,Golf,https://demo.pre-sales.fr/product/puma-suede-classic-xxi/,https://demo.pre-sales.fr/wp-content/uploads/2021/06/puma-suede-classic-xxi-black-374915-01-1.jpg,Puma,64.9,usd,instock,12
263262,Puma Suede,Puma Suede Mid XXI,Lifestyle,https://demo.pre-sales.fr/product/puma-suede-mid-xxi/,https://demo.pre-sales.fr/wp-content/uploads/2021/06/puma-suede-mid-xxi-black-380205-01-1.jpg,Puma,58.9,usd,instock,16
262203,Puma Suede,Puma Suede VTG,Track & Field,https://demo.pre-sales.fr/product/puma-suede-vtg/,https://demo.pre-sales.fr/wp-content/uploads/2021/06/puma-suede-vtg-peacoat-374921-07-1.jpg,Puma,64.9,usd,instock,18
278069,Puma Cruise Rider,Puma Wmns Cruise Rider Iridescent,Running,https://demo.pre-sales.fr/product/puma-wmns-cruise-rider-iridescent/,https://demo.pre-sales.fr/wp-content/uploads/2021/06/puma-wmns-cruise-rider-iridescent-marshmallow-375997-01-1.jpg,Puma,82.9,usd,instock,5
258227,Puma Legacy,Puma x Porsche Legacy RS-2K,Running,https://demo.pre-sales.fr/product/puma-x-porsche-legacy-rs-2k/,https://demo.pre-sales.fr/wp-content/uploads/2021/06/puma-x-porsche-legacy-rs-2k-black-306632-01-1.jpg,Puma,84.9,usd,instock,20
211526,Reebok Classic,Reebok Classic Daytona DMX II,Baseball,https://demo.pre-sales.fr/product/reebok-classic-daytona-dmx-ii/,https://demo.pre-sales.fr/wp-content/uploads/2021/06/reebok-classic-daytona-dmx-ii-wild-brown-eg1656-1.jpg,Reebok,71.9,usd,instock,19
216428,Reebok Classic,Reebok Classic Dual Court,Walking,https://demo.pre-sales.fr/product/reebok-classic-dual-court/,https://demo.pre-sales.fr/wp-content/uploads/2021/06/reebok-classic-dual-court-black-eg6024-1.jpg,Reebok,58.9,usd,instock,1
269415,Reebok Classic,Reebok Classic Question Mid,Walking,https://demo.pre-sales.fr/product/reebok-classic-question-mid/,https://demo.pre-sales.fr/wp-content/uploads/2021/06/reebok-classic-question-mid-neon-cherry-gv7093-1.jpg,Reebok,159.95,usd,instock,9
264189,Reebok Classic,Reebok Classic Reebok Club C Wool & Corn,Golf,https://demo.pre-sales.fr/product/reebok-classic-reebok-club-c-wool-corn/,https://demo.pre-sales.fr/wp-content/uploads/2021/06/reebok-classic-reebok-club-c-wool-und-corn-night-black-fy4032-1.jpg,Reebok,89.95,usd,instock,5
174645,Van Authentic,Vans Authentic 44 DX,Running,https://demo.pre-sales.fr/product/vans-authentic-44-dx/,https://demo.pre-sales.fr/wp-content/uploads/2021/06/vans-authentic-44-dx-classic-white-vn0a38enmr41-1.jpg,Vans,74.95,usd,instock,9
218504,Van Authentic,Vans Authentic 44 DX Anaheim,Lifestyle,https://demo.pre-sales.fr/product/vans-authentic-44-dx-anaheim/,https://demo.pre-sales.fr/wp-content/uploads/2021/06/vans-authentic-44-dx-anaheim-checker-vn0a38enoak1-1.jpg,Vans,74.95,usd,instock,4
275793,Vans UA,Vans UA Authentic 44 DX,Yoga,https://demo.pre-sales.fr/product/vans-ua-authentic-44-dx/,https://demo.pre-sales.fr/wp-content/uploads/2021/06/vans-ua-authentic-44-dx-anaheim-factory-og-emerald-vn0a54f241i1-1.jpg,Vans,79.95,usd,instock,12
283046,Vans UA,Vans UA Classic Slip-On,Classics,https://demo.pre-sales.fr/product/vans-ua-classic-slip-on/,https://demo.pre-sales.fr/wp-content/uploads/2021/06/vans-ua-classic-slip-on-bandana-true-blue-vn0a33tb42u1-1.jpg,Vans,69.95,usd,instock,9
281816,Vans UA,Vans UA Classic Slip-On 98 DX,Soccer,https://demo.pre-sales.fr/product/vans-ua-classic-slip-on-98-dx/,https://demo.pre-sales.fr/wp-content/uploads/2021/06/vans-ua-classic-slip-on-98-dx-anaheim-factory-og-black-vn0a3jexuda1-1.jpg,Vans,74.95,usd,instock,8
260852,Vans UA,Vans UA ComfyCush Slip-Skool,Trail Running,https://demo.pre-sales.fr/product/vans-ua-comfycush-slip-skool/,https://demo.pre-sales.fr/wp-content/uploads/2021/06/vans-ua-comfycush-slip-skool-checkerboard-black-vn0a4p3e5gx1-1.jpg,Vans,61.9,usd,instock,17
258422,Vans UA,Vans UA Era,Golf,https://demo.pre-sales.fr/product/vans-ua-era/,https://demo.pre-sales.fr/wp-content/uploads/2021/06/vans-ua-era-66-supply-vetiver-vn0a4bv41u81-1.jpg,Vans,51.9,usd,instock,5
273110,Vans UA,Vans UA Era 95 DX,Soccer,https://demo.pre-sales.fr/product/vans-ua-era-95-dx/,https://demo.pre-sales.fr/wp-content/uploads/2021/06/vans-ua-era-95-dx-anaheim-factory-og-black-vn0a2rr1uda1-1.jpg,Vans,79.95,usd,instock,1
275222,Vans UA,Vans UA EVDNT UltimateWaffle,Lifestyle,https://demo.pre-sales.fr/product/vans-ua-evdnt-ultimatewaffle/,https://demo.pre-sales.fr/wp-content/uploads/2021/06/vans-ua-evdnt-ultimatewaffle-black-vn0a5dy7b8c1-1.jpg,Vans,114.95,usd,instock,18
281380,Vans UA,Vans UA Old Skool,Baseball,https://demo.pre-sales.fr/product/vans-ua-old-skool/,https://demo.pre-sales.fr/wp-content/uploads/2021/06/vans-ua-old-skool-printed-spider-web-vn0a3wkt4rn1-1.jpg,Vans,79.95,usd,instock,15
257987,Vans UA,Vans UA Old Skool,Yoga,https://demo.pre-sales.fr/product/vans-ua-old-skool-2/,https://demo.pre-sales.fr/wp-content/uploads/2021/06/vans-ua-old-skool-pig-suede-black-vn0a4u3b18l1-1.jpg,Vans,58.9,usd,instock,17
258566,Vans UA,Vans UA Old Skool,Track & Field,https://demo.pre-sales.fr/product/vans-ua-old-skool-3/,https://demo.pre-sales.fr/wp-content/uploads/2021/06/vans-ua-old-skool-earth-black-vn0a4bv521i1-1.jpg,Vans,51.9,usd,instock,16
273158,Vans UA,Vans UA Old Skool 36 DX,Classics,https://demo.pre-sales.fr/product/vans-ua-old-skool-36-dx/,https://demo.pre-sales.fr/wp-content/uploads/2021/06/vans-ua-old-skool-36-dx-anaheim-factory-pink-pony-vn0a54f341r1-1.jpg,Vans,104.95,usd,instock,1
282881,Vans UA,Vans UA Sid,Trail Running,https://demo.pre-sales.fr/product/vans-ua-sid/,https://demo.pre-sales.fr/wp-content/uploads/2021/06/vans-ua-sid-suede-cardinal-vn0a54f54xi1-1.jpg,Vans,79.95,usd,instock,5
259710,Vans UA,Vans UA SK8-Hi,Soccer,https://demo.pre-sales.fr/product/vans-ua-sk8-hi/,https://demo.pre-sales.fr/wp-content/uploads/2021/06/vans-ua-sk8-hi-pig-suede-honey-gold-vn0a4bv618z1-1.jpg,Vans,64.9,usd,instock,20
275697,Vans UA,Vans UA SK8-Hi 38 DX,Basketball,https://demo.pre-sales.fr/product/vans-ua-sk8-hi-38-dx/,https://demo.pre-sales.fr/wp-content/uploads/2021/06/vans-ua-sk8-hi-38-dx-anaheim-factory-og-red-vn0a38gf4uk1-1.jpg,Vans,94.95,usd,instock,14
281397,Vans UA,Vans UA Style 73 DX,Running,https://demo.pre-sales.fr/product/vans-ua-style-73-dx/,https://demo.pre-sales.fr/wp-content/uploads/2021/06/vans-ua-style-73-dx-anaheim-factory-og-saffron-vn0a3wlq4zf1-1.jpg,Vans,84.95,usd,instock,16
275590,Vans UA,Vans x Chris Johanson UA Authentic SF,Yoga,https://demo.pre-sales.fr/product/vans-x-chris-johanson-ua-authentic-sf/,https://demo.pre-sales.fr/wp-content/uploads/2021/06/vans-x-chris-johanson-ua-authentic-sf-black-vn0a3mu642c1-1.jpg,Vans,79.95,usd,instock,6
259665,Vans UA,Vans X Michael February UA SK8-Hi 138 Decon SF,Lifestyle,https://demo.pre-sales.fr/product/vans-x-michael-february-ua-sk8-hi-138-decon-sf/,https://demo.pre-sales.fr/wp-content/uploads/2021/06/vans-x-michael-february-ua-sk8-hi-138-decon-sf-black-vn0a3mv122m1-1.jpg,Vans,58.9,usd,instock,13
